province,year,spending_budgetfund,spending_socialsafety,revenue_all,spending_all,spending_centralbond_reissuance,revenue_vehicleoper_tax,revenue_cityconstrtax,revenue_landuse_tax,spending_normalbond_balance,revenue_normalbond_lastyear,spending_debtservice,revenue_debt_onbook,spending_fund_transfer,revenue_budgetfund_transfer,revenue_fund_transfer,revenue_allnontax,spending_foreign,spending_grain,revenue_penalty,revenue_house_tax,revenue_incometax_ind,revenue_agriland_tax,revenue_capitalincome,revenue_lease,revenue_centralbond_reissue,spending_centralbond_balance,revenue_centralbond_lastyear,计划单列市上解省支出,接受其他地区援助收入,spending_health,revenue_donation,spending_RD,total_residual,spending_debtinterest,spending_debt_admin,spending_others,spending_culture,revenue_other_nontax,revenue_other_tax,revenue_incometax_corp,revenue_deed_tax,spending_defense,spending_central_transfer,revenue_residual_lastyear,省补助计划单列市收入,spending_environment,spending_landmanage,spending_agricultureland,spending_housesecure,spending_financialregulation,spending_donation,spending_transportation,spending_regulation,spending_commerce,spending_urbanaffairs,total_balance,spending_security,revenue_landappr_tax,spending_education,revenue_adminfee,revenue_tobacco_tax,revenue_alltax,spending_publicservice,revenue_stamp_tax,revenue_business_tax,spending_specialdonation,spending_budgetbuffer,revenue_vat,revenue_housefund,支出总计,revenue_central_transfer,revenue_specialprogram,revenue_resourcetax,en_province,revenue_vehiclepurch_tax
安徽省,2014,111.48,575.82,2218.44,4664.1,NA,12.83,98,100.38,NA,NA,45,173,2.05,26.74,118.07,525.92,NA,39.85,49.16,38.64,52.14,35.76,28.11,141.29,NA,NA,NA,NA,1,425,NA,129.59,109.45,22.16,NA,40.21,82.25,29.48,NA,218.32,195.66,5.7,23.71,102.42,NA,104.76,53.8,502.69,232.76,5.02,3.7,338.38,150.93,62.09,558.55,4955.79,179.6,96.67,743.07,148.43,1.92,1692.52,408.15,20.87,539.97,NA,NA,260.55,NA,4955.79,2316.12,129.45,20.82,Anhui,NA
安徽省,2015,298.6,691.54,2454.3,5239.01,NA,14.85,106.05,133.05,NA,NA,781.37,986.26,1.48,142,271.47,654.41,NA,32.21,54.4,46.15,53.14,45.12,22.87,173.85,NA,NA,NA,NA,NA,485.6,NA,147.94,98.79,26.27,0.97,17.72,88.19,27.74,NA,235.57,172.52,5.66,26.5,109.45,NA,124.83,61.53,577.74,276.63,6.93,4.13,383.97,181.2,63.43,609.65,6448.82,196.06,90.42,856.73,148.86,0.93,1799.89,400.09,21.6,586.8,NA,3.07,273.11,NA,6448.82,2485.34,226.69,20.6,Anhui,NA
安徽省,2016,420.51,761.59,2672.79,5522.95,NA,16.83,113.39,141.87,NA,NA,740.26,956.86,NA,257.38,199.82,815.26,NA,31.56,52.75,51.58,59.28,68.38,41.4,300.29,NA,NA,NA,NA,2,480.12,4.38,259.5,88.35,56.53,0.94,13.42,84.23,23.23,NA,233.24,185.4,6.08,26.29,98.79,NA,133.64,40.36,624.83,229.29,33.04,4.42,341.37,157.36,59.47,669.06,6798.22,221.17,104.83,910.87,160.16,1.36,1857.53,404.1,23.22,309.99,NA,-0.14,530.34,23.97,6798.22,2610.59,209.1,17.82,Anhui,NA
北京市,2014,130.73,509.01,4027.16,4524.67,NA,27.72,187.24,17.76,NA,NA,27,105,30.07,40.35,2.51,165.87,NA,5.64,38.67,140.22,383.52,4.69,-94.79,55.31,NA,0.08,0.08,NA,NA,322.29,NA,282.71,439.19,8.49,NA,271.72,163.9,9.39,0.01,915.84,192.52,8.49,60.61,503.44,NA,213.36,31.82,343.67,66.96,4.09,18.03,214.55,158.59,39.9,567.4,5212.35,279.78,214.33,742.05,53.9,NA,3861.29,272.23,61.33,1068.64,NA,NA,646.69,NA,5212.35,533.81,103.38,0.78,Beijing,NA
北京市,2015,645.65,700.48,4723.86,5737.7,NA,25.27,204.36,17.88,1.13,NA,591.09,734.23,0.14,358.92,494.55,459.95,NA,20.74,55.78,152.06,478.12,4.54,64.99,89.08,NA,0.08,0.08,NA,NA,370.52,NA,287.8,239.26,11.83,NA,258.45,188.5,32.32,NA,1024.73,210.23,7.81,62.52,439.19,NA,303.26,30.51,424.78,104.69,12.8,23.07,295.63,167.05,58.85,995.39,7277.57,319.75,174.86,855.67,64.38,NA,4263.91,300.12,68.69,1186.13,NA,NA,716.12,NA,7277.57,526.74,283.39,0.91,Beijing,NA
北京市,2016,396.67,716.21,5081.26,6406.77,NA,32.44,221.64,19.18,NA,1.13,183.69,601.56,NA,460.71,161.82,628.29,NA,11.07,45.66,198.22,571.26,3.34,NA,103.32,NA,0.08,0.08,NA,NA,397.95,0.84,285.78,241.79,36.33,0.79,212.72,198.35,15.27,0.01,1095.23,254.29,8.51,55.42,239.26,NA,363.38,19.51,443.55,322.09,11.3,41.21,353.48,194.67,56.15,1120.37,7284.42,358.79,177.35,887.38,55.37,NA,4452.97,367.2,80.52,584.41,NA,NA,1214.34,32.69,7284.42,738.6,375.16,0.75,Beijing,NA
重庆市,2014,65.96,502.94,1922.02,3304.39,0.02,8.33,74.35,63.36,NA,NA,25,99,NA,NA,84.61,640.19,0.17,10.4,32.5,40.37,43.24,38.26,NA,170.19,NA,0.39,0.41,NA,NA,246.34,NA,38.16,347.39,8.71,NA,3.69,36.02,40.1,NA,157.72,128.96,6.86,22.78,408.4,NA,105.51,39.02,291.62,64.39,9.76,1.89,260.87,147.66,34.79,577.79,3765.93,159.56,96.22,469.98,348.86,3.25,1281.83,288.27,20.68,444.09,NA,NA,153.29,NA,3765.93,1251.5,48.53,9.71,Chongqing,NA
重庆市,2015,126.23,569.63,2154.83,3792,NA,10.03,78.79,121.31,NA,NA,555.29,656.29,0.51,64.18,164.74,703.9,0.26,13.39,39.6,52.46,50.36,48.8,NA,207.04,NA,0.39,0.39,NA,NA,313.98,NA,45.67,240.36,12.33,0.67,4.27,47.01,38.6,NA,179.42,134.48,7.4,24.07,347.39,NA,140.73,37.12,331.33,85.9,13.51,1.82,294.06,193.5,41.92,627.82,4738.83,203.29,94.36,536.24,312.38,3.84,1450.93,270.17,20.56,468.82,NA,0.02,175.92,NA,4738.83,1351.02,106.27,11.76,Chongqing,NA
重庆市,2016,138.28,640.55,2227.91,4001.81,NA,11,81.49,139.14,NA,NA,629.43,760.06,NA,123.22,143.15,789.46,0.2,10.62,41.06,56.88,58.55,48.67,NA,281.73,NA,0.39,0.39,NA,NA,331.18,6.74,51.62,238.68,34.3,0.77,3.5,47.98,29.4,NA,187.71,129.84,6.25,22.06,240.36,NA,136.2,45.16,347.99,108.19,4.52,1.56,268,143.64,48.13,684.56,5030.62,226.16,102.77,575.18,309.26,3.76,1438.45,285.54,23.8,215.75,NA,-0.02,367.76,24.98,5030.62,1535.53,96.3,11.34,Chongqing,NA
福建省,2014,156.81,258.71,2362.21,3306.7,NA,14.78,101.3,38.34,NA,NA,27,132,24.64,20.64,58.07,468.48,NA,15.63,50.99,61.91,86.67,33.67,46.15,153.04,NA,0.26,0.26,NA,NA,292.14,NA,67.4,569.38,16.18,NA,121.13,64.18,21.65,NA,322.92,126.66,6.56,44.28,578.3,NA,61.8,42.78,320.32,91.46,2.98,2.15,310.93,177.75,65.24,269.74,4131.11,191.63,213.37,634.6,115.95,7.8,1893.73,293.4,29.77,581.85,0.1,1.95,262.73,NA,4131.11,979.63,80.7,11.96,Fujian,NA
福建省,2015,336.7,341.77,2544.24,4001.58,NA,16.47,108.6,37.59,4.57,NA,430.83,574.43,7.14,102.75,278.04,605.53,1.06,28.08,46.41,63.23,94.86,28.13,54.51,179.3,NA,0.26,0.26,NA,NA,351.19,NA,76.6,348.22,18.25,0.64,178.1,84.82,28.96,NA,341.72,123.9,6.85,46.58,568.69,NA,95.57,33.43,441.86,81.65,4.86,2.03,346.2,159.66,79.48,378.7,5176.78,225.24,196.43,757.51,103.25,6.82,1938.71,308.02,29.5,608.24,NA,0.89,271.75,NA,5176.78,1108.37,193.09,11.45,Fujian,NA
福建省,2016,272.47,348.99,2654.83,4275.4,0.26,17.59,112.04,36.13,19.31,4.57,731.28,1061.4,5.62,267.93,205.05,692.11,0.3,23.59,55.84,63.74,123.5,16.43,53.79,209.84,NA,NA,0.26,NA,NA,377.58,8.48,80.28,373.54,38.64,1.03,118.32,81.25,27.89,NA,350.02,136.32,6.34,52.85,348.22,NA,130.35,40.04,410.58,105.85,6.28,2.93,287.66,175.39,83.11,572.24,5731.05,257.32,215.87,789.11,97.14,6.56,1962.72,338.21,31.32,298.27,1.22,-0.91,545.68,24.51,5731.05,1188.79,214.63,9.25,Fujian,NA
甘肃省,2014,25.64,376.22,672.67,2541.49,NA,7.72,37.69,16.06,NA,NA,29,113,0.02,5.46,40.19,182.41,NA,9.76,16.93,14.28,15.81,4.88,3.15,43.29,NA,0.2,0.2,NA,NA,204.19,NA,21.16,123.91,41.67,NA,34,49.6,22.06,NA,46,19.06,2.89,5.16,85.82,NA,73.21,41.02,366.17,113.66,1.89,NA,257.12,43.4,17.63,78.75,2725.52,107.42,14.35,401.26,54.34,0.19,490.26,300.48,7.86,194.98,0.1,NA,88.4,NA,2725.52,1808.19,42.64,22.98,Gansu,NA
甘肃省,2015,83.87,421.31,743.86,2958.31,NA,9.22,44.17,18.84,NA,NA,181.16,311.04,NA,19.35,183.2,214.07,NA,13.32,17.72,17.71,18.94,5.46,1.69,51.54,NA,0.2,0.2,NA,NA,250.1,NA,29.85,109.19,15.09,0.39,34.12,62.76,24.55,NA,59.2,16.85,3.03,5.98,123.91,NA,95.35,35.2,497.05,127.87,2.16,NA,278.24,47.73,29.69,121.61,3338.6,123.1,16.97,498.33,53.44,0.25,529.79,272.01,8.43,207.15,NA,0.12,89.79,NA,3338.6,1957.03,65.14,16.81,Gansu,NA
甘肃省,2016,60.69,464.8,786.97,3150.03,NA,10.66,43.07,19.2,NA,NA,198.36,409.24,NA,58.44,108.54,260.97,NA,13.14,29.19,19.54,20.55,5.52,2.15,58.61,NA,0.2,0.2,NA,0.42,273.25,3.66,26.23,106.87,28.57,0.43,22.75,63.84,24.51,NA,54.95,23.47,2.74,5.17,109.19,NA,95.26,37.06,488.1,124.5,3.16,NA,219.24,69.98,24.27,196.45,3521.33,156.52,23.58,548.95,57.66,0.2,526,290.79,8.44,110.64,NA,NA,173.16,17.94,3521.33,2048.35,67.25,13.02,Gansu,NA
广东省,2014,718.05,797.01,8065.08,9152.64,NA,61.44,413.75,151,NA,NA,45.5,190,25.14,213.48,402.3,1554.61,NA,31.03,134.69,233.89,408.91,86.35,60.9,281.69,NA,0.48,0.48,NA,NA,777.55,NA,274.33,1836.37,66.81,NA,297.09,168.16,323.95,NA,1136.19,419.91,19.05,222.5,1700.32,NA,259.04,61.59,557.59,264.88,45.56,49.75,882.86,275.37,89.21,770.11,12006.28,697.23,505.9,1808.97,497.67,1.62,6510.47,959.44,112,1730.87,0.3,5.3,1233.17,NA,12006.28,1434.62,255.71,15.45,Guangdong,NA
广东省,2015,1803.91,1064.91,9366.78,12827.8,0.05,69.97,457.05,143.69,46.64,NA,1030.84,1326,3.15,698.34,2428.88,1989.71,NA,67.6,155.77,241,510.14,95.38,62.7,355.19,NA,0.44,0.48,NA,NA,918.36,NA,569.55,1307.57,22.45,1.35,428.1,194.58,409.09,NA,1303.11,427.24,16.48,247.99,1836.37,NA,322.33,117.2,811.9,357.29,141.17,70.42,1982.63,525.38,147.85,1174.16,17247.32,834.54,576.75,2040.65,408.19,1.62,7377.07,1018.91,141.41,2054,NA,21.06,1339.16,NA,17247.32,1590.47,598.77,16.55,Guangdong,NA
广东省,2016,1883.18,1146.31,10390.35,13446.09,NA,73.59,491.74,133.61,61.53,40.89,1292.6,1588.87,0.13,1487.11,1714.15,2291.72,0.19,56.44,152.67,243.97,638.11,76.68,54.23,401.25,NA,0.47,0.47,NA,NA,1121.83,7.65,742.97,1173.85,81.64,1.53,18.26,229.71,390.43,NA,1492.08,513.67,12.46,220.87,1313.31,NA,297.45,77.8,715.44,662.85,159.47,83.74,1014.52,772.96,203.33,1515.29,18126.93,1066.08,681.58,2318.47,328.3,1.55,8098.63,1147.35,119.47,1036.42,NA,48.22,2579.49,94.18,18126.93,1591.78,863.02,16.7,Guangdong,NA
广西壮族自治区,2014,104.89,387.18,1422.28,3479.79,NA,10.59,53.14,23.45,NA,NA,30,111,8.93,59.62,115.83,444.21,NA,20.61,35.3,23.56,30.22,104.18,103.89,106.73,NA,NA,NA,NA,NA,355.33,NA,59.93,243.52,23.39,NA,39.33,68.52,41.27,NA,109.35,75.24,9.93,7.24,220.54,NA,84,39.04,391.29,114.67,2.65,NA,204.92,119.58,31.35,269.34,3874.57,192.22,68.3,660.53,114.04,1.26,978.07,405.99,13.96,321.26,0.2,NA,126.45,NA,3874.57,1945.31,42.99,17.1,Guangxi,NA
广西壮族自治区,2015,161.99,460.63,1515.16,4065.51,NA,12.49,63.56,26.05,11.1,NA,749.94,890,0.05,100.29,229.7,483.51,0.46,23.28,40.01,27.52,34.76,128.25,88.24,96.59,NA,NA,NA,NA,NA,413.87,NA,49.63,188.96,16.44,0.83,26.73,79,33.55,NA,109.74,77.15,9.87,8.55,243.52,NA,98.68,45.75,497.53,173.96,33.79,NA,237.83,128.61,45.56,317.52,5185.69,220.55,57.09,789.69,97.81,0.83,1031.65,395.3,14.27,321.9,NA,0.41,139.99,NA,5185.69,2207.03,127.31,18.06,Guangxi,NA
广西壮族自治区,2016,167.69,538.95,1556.27,4441.7,NA,14.62,61.15,26.14,2.09,11.1,503.25,766.57,NA,171.74,147.82,520.05,0.11,20.95,41,30.71,40.16,122.07,85.76,115.03,NA,NA,NA,NA,NA,468.19,2.14,45.2,147.34,56.69,0.85,26.57,71.08,33.06,NA,117.03,88.03,9.02,10.05,188.96,NA,90.7,44.11,573.48,185.55,5.28,NA,217.12,113.55,40.71,364.99,5271.91,263.28,62.58,854.55,105.12,0.85,1036.22,450.78,14.2,156,NA,-0.22,285.46,17.77,5271.91,2429.45,120.16,17.22,Guangxi,NA
贵州省,2014,170.72,299.72,1366.67,3542.8,NA,7.3,57.64,18.44,NA,NA,27,112,2.01,102.73,35.05,339.97,NA,8.43,33.29,23.43,32.52,122.03,12.91,96.74,NA,0.11,0.11,NA,NA,303.25,NA,44.34,168.51,16.42,NA,74.62,54.69,61.21,NA,123.84,66.93,5.25,4.71,156.49,NA,85.34,26.31,447.19,289,0.52,NA,432.01,85.82,21.12,101.29,3915.89,187.97,64.64,637.03,70.73,19.73,1026.7,422.49,11.64,344.49,0.02,NA,117.03,NA,3915.89,2142.83,65.08,17.05,Guizhou,NA
贵州省,2015,376.51,340.33,1503.38,3939.5,NA,8.64,59.8,27.91,109.94,NA,1267.16,1426.1,28.87,199.32,147.39,377.35,NA,14.83,32.6,29.48,33.27,146.26,15.8,114.17,NA,0.11,0.11,NA,NA,360.8,NA,58.68,64.43,23.98,1.46,45.57,61.2,42.7,NA,127.35,73.4,5.09,5.46,168.51,NA,96.49,40.73,534.26,298.44,0.79,NA,392.25,94.46,24.97,127.71,5792,215.95,86.57,772.91,75.72,22.05,1126.03,428.61,13.08,353.08,NA,0.02,120.47,NA,5792,2347.19,96.34,24.67,Guizhou,NA
贵州省,2016,417.03,367.23,1561.34,4262.36,NA,9.91,61.92,30.12,13.07,109.94,1647.43,1604.63,-24.7,321.11,162.46,440.9,NA,10.35,38.85,30.51,35.08,146.15,43.12,139.69,NA,0.11,0.11,NA,NA,392.51,10.74,69.3,84.7,76.05,1.61,76.18,67.34,30.14,NA,127.12,91.92,4.55,3.79,62.66,NA,127.09,28.43,629.38,291.73,4.32,NA,289.97,123.76,31.05,131.91,6404.03,249.96,95.01,843.54,72.48,15.46,1120.44,446.11,17.88,179.92,NA,0.23,256.28,17.44,6404.03,2581.79,88.45,23.15,Guizhou,NA
海南省,2014,52,142.52,555.31,1099.74,NA,2.56,18.82,20.71,NA,NA,14,60,3.55,31.71,72.39,74.75,0.82,3.21,9.5,12.52,13.42,13.68,10.76,14.75,NA,NA,NA,NA,NA,88.46,NA,13.53,83.34,6.07,NA,37.46,23.51,6.34,NA,67.68,37.42,4.28,2.02,42.93,NA,23.28,14.25,146.3,39.37,1.64,NA,86.39,31.86,8.76,72.97,1254.69,67.71,75.22,175.95,21.3,NA,480.55,111.4,6.84,154.33,0.05,NA,54.72,NA,1254.69,492.35,12.11,2.63,Hainan,NA
海南省,2015,142.58,174.77,627.7,1239.43,NA,2.97,23.26,30.97,0.59,NA,122.67,164.75,0.42,48.16,88.62,113.39,1.1,3.17,11.29,15.87,17,12.74,11.86,31.06,NA,NA,NA,NA,NA,100.54,NA,12.38,41.43,7.56,0.21,25.97,25.48,5.53,NA,64.03,31.88,6.59,2.84,83.34,NA,31.54,13.12,164.24,48.26,0.53,NA,99.46,34.61,9.56,83.03,1549.95,77.14,75.55,206.84,14.3,NA,514.31,113.32,6.45,169.35,NA,0.01,61.56,NA,1549.95,537.39,39.35,2.68,Hainan,NA
海南省,2016,122.67,184.02,637.51,1376.48,NA,3.36,25.04,21.52,NA,0.59,239.02,337.64,NA,69.28,69.05,132.55,0.99,3.24,10.24,15.62,21.47,12.23,7.13,35.67,NA,NA,NA,NA,NA,114.17,3.19,15.69,60.83,24.23,0.26,16.32,26.9,7.42,NA,65.15,27.3,10.98,2.3,41.43,NA,37.31,10.27,179.04,56.25,1.26,NA,114.24,24.77,11.37,116.38,1801.31,85.09,90.29,214.24,19.65,NA,504.96,129.48,7.18,91.08,NA,NA,121.55,5.95,1801.31,645.83,43.3,3.16,Hainan,NA
河北省,2014,87.42,585.62,2446.62,4677.3,0.12,27.61,105.94,104.04,NA,NA,36,148,9.44,5.23,79.18,580.56,NA,28.6,103.14,47.18,56.12,49.12,32.12,127.76,NA,0.16,0.16,NA,NA,446.79,NA,51.32,465.84,28.54,58.24,NA,82.66,35.31,NA,256.23,114.84,12.38,51.83,348.5,NA,193.43,66.32,583.52,126.86,1.98,6.04,310.23,104.13,29.06,367.83,5328.11,248.29,116.09,868.87,186.98,0.14,1866.06,476.59,31.34,592.64,NA,NA,310.07,NA,5328.11,2300.43,95.25,54.68,Hebei,NA
河北省,2015,433.5,763.68,2649.18,5632.19,NA,31.95,111.89,106.84,0.58,NA,1080.14,1231.74,12.63,90.73,549.66,714.89,NA,37.43,113.27,51.34,62.86,49.37,22.83,142.31,NA,0.16,0.16,NA,NA,535.09,NA,45.5,221.11,46.52,0.93,85.49,88.34,33.47,NA,266.94,109.2,10.31,59.57,465.8,NA,282.72,73.29,712.49,161.15,3.19,5.65,323.82,111.93,36.53,476.59,7475.7,287.08,118.58,1041.16,185.8,0.14,1934.29,503.32,29.94,651.54,NA,35.82,315.35,NA,7475.7,2488.42,217.22,28.36,Hebei,NA
河北省,2016,445.13,839.27,2849.87,6049.53,NA,36.12,115.21,101.65,11.46,0.58,1250.87,1489.48,5.59,398.36,403.65,853.75,NA,25.65,113.47,54.63,71.52,67.24,31.6,224.37,NA,0.16,0.16,NA,NA,547.86,4.91,73.18,248.41,80.31,1.42,58.14,87.54,42.55,NA,272.99,136.74,10,55.45,221.11,NA,262.8,73.65,800.79,182.01,7.51,7.48,251.8,125.35,35.8,555.7,8068.3,336.57,138.74,1134.89,208.65,0.29,1996.13,551.81,33.18,342.41,NA,1.7,595.2,40.4,8068.3,2705.09,187.8,30.2,Hebei,NA
河南省,2014,198.46,790.87,2739.26,6028.69,NA,25,106.67,95.9,NA,NA,46,176,10.25,46.05,210.91,787.8,NA,45.12,82.2,45.91,58.01,125.31,108.25,156.27,NA,NA,NA,NA,NA,602.95,NA,81.25,232.49,94.41,NA,80.46,91.16,75.76,NA,261,142.01,6.79,31.88,178.03,NA,119.95,54,661.94,247.57,27.71,2.62,364.85,117.62,31.5,431.74,6548.56,274.12,132.51,1201.38,263.89,9.36,1951.46,700.71,26.8,627.33,NA,0.8,256.47,NA,6548.56,3198.31,101.42,39.19,Henan,NA
河南省,2015,342.8,945.83,3016.05,6799.35,NA,30.06,112.72,102.81,41.14,NA,790.49,1053.85,5.19,184.4,227.34,914.88,NA,36.21,89.11,52.52,62.03,184.74,103.28,195.26,NA,NA,NA,NA,NA,717.74,NA,83.25,184.6,29.92,1.07,71.58,105.38,87.6,NA,281.41,138.75,6.08,31.93,243.01,NA,177.77,55.72,791.63,242.04,40.92,2.84,371.01,149.98,57.71,645.21,8194.6,301.12,139.43,1271,238.34,10.53,2101.17,695.32,27.94,659.16,NA,0.9,263.73,NA,8194.6,3469.95,201.29,35.35,Henan,NA
河南省,2016,301.62,1067.4,3153.48,7453.74,NA,33.51,117.09,104.76,19.09,41.14,1042.14,1295.19,17.54,292.84,307.32,995.03,NA,37.24,90.55,53.78,71.75,184.34,92.53,219.17,NA,NA,NA,NA,NA,778.01,3.58,96.1,128.24,101.43,2.07,56.84,97.33,76.11,NA,297.31,186.95,9.52,29.79,155.7,NA,195.72,54.37,807.06,268.58,34.95,2.89,347.97,120.86,42.97,879.33,8991.72,358.41,144.83,1343.76,238.63,9.96,2158.45,750.94,29.94,345.54,NA,-0.45,550.61,33.38,8991.72,3746.05,241.07,28.07,Henan,NA
黑龙江省,2014,86.55,602.68,1301.31,3434.22,0.01,14,59.38,49.65,NA,NA,34,126,0.55,0.15,19.47,323.92,NA,71.64,42.98,27.62,36.98,22.74,34.27,100.17,NA,NA,0.01,NA,NA,235.31,NA,39.46,669.09,13.1,NA,23.62,45.63,20.37,NA,103.22,55.05,4.88,27.68,555.21,NA,111.57,32.81,487.67,147.19,1.15,2.75,236.97,91.34,21.45,332.11,4252.13,170.77,65.4,505.94,78.23,3.14,977.4,256.2,12.5,250.51,NA,0.02,168.89,NA,4252.13,2249.97,47.91,108.33,Heilongjiang,NA
黑龙江省,2015,303.31,728.73,1165.88,4020.66,NA,15.53,54.56,61.41,80.41,NA,378.79,593.2,1.58,126.43,210.21,285.53,NA,65.86,38.62,31.38,35.57,18.57,24.47,70.69,NA,NA,NA,NA,NA,273.96,NA,42.91,448.73,17.14,0.54,17.99,53.17,6.06,NA,100.64,45.13,5.34,27.21,669.09,NA,155.52,34.92,681.48,212.34,0.8,3.75,272.07,106.45,23.89,350.52,5260.58,180.94,63.46,549.66,69.32,3.58,880.34,242.67,10.33,256.98,NA,0.1,129.46,NA,5260.58,2495.77,76.37,53.75,Heilongjiang,NA
黑龙江省,2016,198.98,732.41,1148.41,4227.34,NA,17.36,52.24,57.93,0.64,80.41,694.42,791,0.06,153.3,68.83,320.56,NA,62.32,42.19,31.92,37.28,21.5,18.22,96.13,NA,NA,NA,NA,NA,280.56,1.17,44.92,366.11,35.51,0.82,8.11,53.21,6.26,NA,94.6,46.67,4.88,16.33,448.73,NA,113.44,35.73,801.77,271.95,5.9,2.98,250.4,81.99,17.47,387.08,5503.68,210.3,53.31,558.87,66.17,1.87,827.85,266.7,10.39,135.31,NA,-0.19,226.73,24.42,5503.68,2813,66.01,40.74,Heilongjiang,NA
湖北省,2014,113.45,717.63,2566.9,4934.15,NA,15.56,124.87,44.92,NA,NA,43,156,8.82,5.81,80.41,693.78,NA,38.78,73.71,43.83,64.69,107.32,31.41,141.93,NA,1.4,1.4,NA,NA,401.32,NA,134.46,1185.33,37.49,NA,69.74,76.65,35.96,NA,255.02,145.89,4.18,40.81,1120.92,NA,103.78,55.41,483.8,147.06,9.79,5.19,396.04,221.62,36.06,364.31,6326.95,259.05,174.07,773.35,333.37,3.33,1873.11,598.45,25.12,586,NA,NA,263.66,NA,6326.95,2395.51,77.39,18.83,Hubei,NA
湖北省,2015,588.12,858.7,3005.53,6132.84,NA,17.97,138.62,50.33,NA,NA,996.61,1149.66,0.6,70.5,248.28,919.03,NA,44.12,94.4,53.14,78.53,116.42,26.04,213.76,NA,1.4,1.4,NA,NA,515.25,NA,157.36,559.59,24.31,1.21,71.24,84.03,59.05,NA,276.78,153.5,4.25,43.68,1185.33,NA,145.84,61.24,616.57,204.78,10.51,6.28,452.05,451.36,52.17,545.16,8331.81,295.24,187.76,913.05,329.03,4.02,2086.5,618.14,27.97,678.3,NA,8.98,285.48,NA,8331.81,2671.12,196.76,17.69,Hubei,NA
湖北省,2016,488.79,978.82,3102.06,6422.98,NA,21.31,143.48,52.53,NA,NA,1321.35,1520.73,NA,442.16,322.97,979.13,NA,40.6,89.7,59.7,92.98,115.6,39.21,237.7,NA,1.4,1.4,NA,NA,588.9,4.21,190.11,514.79,65.42,1.43,40.84,96.61,61.49,NA,299.12,149.64,3.55,43.74,559.59,NA,145.64,48.77,704.59,240.64,4.13,5.73,391.79,209.94,37.28,588.47,8798.14,352.73,201.55,1047.37,321.96,4.17,2122.93,639.6,29.73,374.23,NA,5.09,563.33,29.55,8798.14,2849.23,195.3,15.56,Hubei,NA
湖南省,2014,111.87,661.97,2262.79,5017.38,NA,13.73,115.15,35.17,NA,NA,44,186,3.97,21.14,43.24,824.27,NA,35.97,81.22,40.08,56.56,75.72,15.97,325.29,NA,NA,NA,NA,NA,422.4,NA,59.38,478.8,27.9,NA,41.45,80.01,156.07,NA,155.01,148.46,13.05,29.11,527.49,NA,137.49,65.72,557.59,208.13,5.76,3.7,322.16,159.69,44.43,463.96,5685.19,246.11,76.75,833.27,184.2,10.1,1438.52,627.24,18.16,470.94,0.06,NA,212.22,NA,5685.19,2644.53,61.53,10.47,Hunan,NA
湖南省,2015,191.46,781.79,2515.43,5728.72,NA,16.68,119.15,53.59,58.41,NA,1178.97,1375,0.51,85.15,164.05,987.91,NA,34.06,76.86,44.02,62.9,59.83,14.39,363.8,NA,NA,NA,NA,NA,493.74,NA,66.26,356.61,36.1,1.46,42.81,111.74,190.61,NA,169.53,184.76,11.7,34.81,478.8,NA,149,74.44,676.24,277.26,8.83,4.62,318.93,190.78,63.47,551.26,7549.33,271.54,84.2,928.54,154.32,9.8,1527.52,634.17,19.01,475.18,NA,0.15,218.63,NA,7549.33,2930.9,187.93,10.23,Hunan,NA
湖南省,2016,228.18,874.41,2697.88,6339.16,NA,18.98,119.18,58.89,57.21,58.41,1471.1,1869,NA,182.45,166.13,1146.56,NA,41.87,80.7,46.07,74.62,63.36,18.98,469,NA,NA,NA,NA,NA,546.27,2.54,71.44,337.67,73.78,1.87,45.21,140.68,223.24,NA,172.31,178.58,11.01,31.85,356.61,NA,170.85,64.56,729.75,305.21,4.47,4.13,325.01,188.45,57.75,640.66,8465.18,333.45,96.48,1032.37,150.26,9.36,1551.33,675.95,19.32,252.71,NA,NA,432.62,30,8465.18,3134.69,171.84,8.86,Hunan,NA
吉林省,2014,47.1,390.2,1203.38,2913.25,0.09,11.13,59.67,33.07,NA,NA,31,121,7.83,17.51,52.26,318.98,NA,55.28,34.57,23.96,34.92,56.98,24.03,112.96,NA,0.29,0.38,NA,NA,206.44,NA,36.45,212.44,60.12,NA,15.66,61.16,13.41,0.01,143.22,78,5.18,5.16,220.33,NA,140.3,29.77,308.68,137.3,18.62,2.59,229.11,99.58,28.3,273.29,3217.2,154.63,48.47,407.1,86.37,1.13,884.4,253.5,11.88,228.78,0.05,NA,139.78,NA,3217.2,1602.35,47.63,13.39,Jilin,NA
吉林省,2015,146.42,462.28,1229.35,3217.1,NA,13.08,63.13,30.6,NA,NA,420.98,549.54,NA,47.1,258.51,362.23,NA,49.29,31.33,27.61,34.11,63.21,28.02,122.1,NA,0.29,0.29,NA,NA,245.81,NA,41.39,244.64,23.71,0.58,23.31,73.01,8.88,0.08,134.92,66.35,5.39,4.98,212.44,NA,117.7,38.7,408.61,135.91,5.54,2.67,191.83,127.26,28.68,341.86,4032.99,168.87,36.15,477.57,77.79,0.93,867.12,247.13,10.46,242.05,NA,1.42,134.43,NA,4032.99,1735.76,94.11,10,Jilin,NA
吉林省,2016,153.87,497.59,1263.78,3586.09,0.28,14.73,67.66,28.69,NA,NA,387.84,637.59,NA,128.85,179.75,390.81,NA,49.46,28.7,27.31,41.72,61.11,35.83,131.64,NA,0.01,0.29,NA,NA,273.63,2.42,41.01,227.45,41.58,0.7,7.45,72.03,8.42,0.08,134.01,65.36,4.35,4.9,244.64,NA,122.14,45.61,550.5,136.45,34.25,2.43,202.05,125.81,30.01,383.35,4359.87,205.08,34.14,499.7,83.77,0.76,872.97,260.91,10.76,111.44,NA,-0.58,267.88,7.11,4359.87,1904.98,92.92,7.31,Jilin,NA
江苏省,2014,148.88,709.59,7233.14,8472.45,0.04,36.91,376.15,176.06,NA,NA,44,174,0.27,15.67,120.82,1227.1,NA,33.53,120.63,228.73,306.33,34.74,242.34,186.63,NA,0.4,0.44,NA,NA,560.93,NA,327.1,766.55,18.52,140.11,NA,190.86,41.64,NA,821.04,401.69,22,197.59,754.2,NA,237.78,65.01,899.31,189.53,14.84,26.93,496.93,364.33,118.11,1221.64,9637.71,473.83,444.89,1504.86,426.52,NA,6006.05,856.7,81.97,2084.66,0.12,7.41,987.54,NA,9637.71,1339.45,209.33,25.33,Jiangsu,NA
江苏省,2015,599.29,838.06,8028.59,9687.58,NA,41.74,421.46,180.06,NA,NA,2031.32,2230.69,5.47,174.57,574.96,1418.47,NA,25.97,131.66,248.01,360.89,31.76,NA,365.17,NA,0.4,0.4,NA,NA,649.31,NA,371.96,664.88,22.21,2.38,107.17,196.06,67.99,NA,917.58,370.11,18.1,205.69,766.55,NA,308.45,64.56,1008.6,247.18,18.05,29.7,547.81,448.45,136.15,1535.59,13198.26,519.92,437.01,1746.22,390.01,NA,6610.12,845.68,85.27,2442.82,0.05,3.57,1046.92,NA,13198.26,1422.5,463.64,26.48,Jiangsu,NA
江苏省,2016,747.56,897.93,8121.23,9981.96,NA,47.11,433.98,185.12,NA,NA,2019.73,2331.22,3.93,363.43,640.09,1589.4,NA,31.51,132.52,256.6,382.37,26.63,NA,440.71,NA,0.4,0.4,NA,0.1,712.77,2.91,381.02,769.01,95.38,2.56,67.15,193.28,82.02,NA,978.81,335.4,14.61,210.34,664.88,NA,285.11,73.49,985.62,269.43,26.95,33.59,511.81,437.26,123.74,1440.12,13736.24,634.76,480.58,1842.94,410.47,NA,6531.83,920.93,87.94,1325.14,NA,3.3,1974.58,36.35,13736.24,1614.89,484.42,17.56,Jiangsu,NA
江西省,2014,119.51,422.35,1881.83,3882.7,NA,9.71,66.26,40.62,NA,NA,35,143,0.11,0.25,126.42,500.7,NA,23.67,73.18,27.71,35.94,76.83,2.61,145.39,NA,0.31,0.31,NA,NA,338.45,NA,58.37,592.83,32.05,NA,94.41,60.03,32.58,NA,152.47,130.62,6.53,12.41,676.15,NA,68.13,33.5,500.15,197.11,4.32,1,289.46,244.38,32.94,226.81,4645.61,175.96,113.84,711.72,179.73,2.8,1381.13,361.36,14.41,443.57,NA,2.75,219.6,NA,4645.61,1817.65,67.21,46.75,Jiangxi,NA
江西省,2015,139.5,510.18,2165.74,4412.55,NA,11.78,70.86,44.12,NA,NA,762.69,942,1.14,20.95,222.63,648.71,NA,17.23,69.96,34.29,42.41,86.3,3.21,212.39,NA,0.31,0.31,NA,NA,398.79,NA,74.79,567.11,20.45,0.83,70.43,68.9,44.56,0.12,157.21,136.33,7.13,14.08,592.83,NA,87.43,36.84,557.3,241.38,10.22,1,247.18,275.79,55.7,331.44,5897.91,195.44,128.84,793.27,190.5,2.55,1517.03,410.83,15.2,498.44,NA,0.53,240.63,NA,5897.91,1953.46,128.09,47.97,Jiangxi,NA
江西省,2016,108.8,582.24,2151.47,4617.4,NA,13.23,76.86,46.26,14.17,NA,450.63,647.74,NA,103.9,190.72,680.37,NA,22.18,66.34,34.37,49.79,86.04,4.19,256.41,NA,0.31,0.31,NA,NA,438.72,0.94,83.12,600.06,48.66,0.9,61.57,70.49,42.62,0.03,166.26,140.29,5.87,12.56,567.11,NA,117.88,28.4,580.9,171.65,4.07,3,223.49,258.33,41.22,380.12,5807.13,229.14,118.75,848.88,181.65,2.95,1471.1,416.6,17.96,282.88,NA,3.21,378.81,7.44,5807.13,2145.89,120.78,56.62,Jiangxi,NA
辽宁省,2014,271.85,895.91,3192.78,5080.49,NA,26.31,118.22,248.05,1.07,NA,30,125,11.71,175.68,120.14,862.21,NA,33.21,69.63,82.2,70.28,203.89,199.73,257.46,NA,NA,1.07,NA,0.01,273.61,NA,108.82,470.56,41.35,NA,88.98,92.6,47.39,0.4,252.1,163.84,11.97,85.97,555.79,NA,106.1,72.92,443.85,174.33,3.89,11.45,310.89,225.32,59.34,849.5,5951.7,235.67,177.57,604.49,182.46,1.47,2330.57,436.29,30.53,562.24,0.05,NA,291.33,NA,5951.7,1781.23,105.53,102.14,Liaoning,NA
辽宁省,2015,496.55,995.1,2127.39,4481.61,NA,28.81,117.56,125.41,38.62,NA,1594.05,1709.07,1.62,279.57,492.11,476.94,NA,21.32,76.64,82.37,72.43,15.07,22.99,87.45,NA,1.07,1.07,NA,NA,281.96,NA,68.92,309.68,59.25,1.44,31.88,88.59,16.01,0.19,235.26,105.05,7.9,82.14,470.56,NA,116.79,54.72,446.07,136.93,12.37,10.4,269.98,114.42,45.76,494.34,7004.76,256.72,46.14,610.24,112.81,1.08,1650.45,356.51,25.98,471.3,0.02,0.59,286.17,NA,7004.76,1924.99,161.04,37.63,Liaoning,NA
辽宁省,2016,473.33,1145.49,2200.49,4577.47,0.97,31.28,124.28,125.2,1.11,38.62,1854.82,1909.65,8.44,460.37,281.56,513.04,NA,23.97,77.94,84.1,76.68,14.97,19.03,85.18,NA,0.1,1.07,NA,NA,307.31,1.47,61.61,336.11,100.23,2.23,33.26,84.7,16.06,0.16,238.68,100.25,8.17,75.1,309.68,NA,87.23,38.78,480.73,154.4,28.1,10.53,188.37,94.34,33.24,392.74,7326.68,297.15,60.08,633.95,131.8,0.92,1687.45,370.92,27.51,238.91,NA,-0.76,534.57,28.66,7326.68,2125.24,152.91,29.85,Liaoning,NA
内蒙古自治区,2014,50.19,531.76,1843.67,3879.98,NA,14.13,61.05,86.74,NA,NA,29,125,NA,73.89,71.19,592.6,0.02,76.23,41.54,38.39,40.2,201.21,103.86,102.46,NA,0.07,0.07,NA,NA,227.78,NA,32.87,351.85,21.72,NA,72.84,91.9,15.66,NA,109.64,45.85,4.77,8.31,326.4,NA,142.75,89.19,517.69,157.61,3.21,0.78,292.72,92.09,27.96,540.3,4319.5,180.45,51.29,477.77,166.57,0.27,1251.07,297.55,16.6,339.01,0.1,NA,174.02,NA,4319.5,1879.28,162.51,72.69,Inner Mongolia,NA
内蒙古自治区,2015,98.96,605.26,1964.48,4252.96,NA,15.76,57.73,93.2,115.3,NA,850.35,1099.26,1.34,30.14,111.74,643.74,0.03,20.07,38.87,42.87,44.62,282.44,78.07,189.41,NA,0.07,0.07,NA,NA,257.15,NA,35.72,364.35,24.53,1.02,72.01,95.81,15.96,NA,101.77,36.6,5.4,9.2,351.85,NA,175.25,81.94,675.58,190.36,13.16,0.25,292.78,76.63,45.79,560.2,5693.04,188.37,39.89,536.53,123.25,0.24,1320.75,299.14,14.85,317.89,NA,0.5,167.58,NA,5693.04,2135.49,198.17,105.3,Inner Mongolia,NA
内蒙古自治区,2016,130.38,642.54,2016.43,4512.71,NA,17.36,57.2,122.03,217.83,115.3,1840.68,2181.64,NA,52.71,55.66,680.55,0.03,20.6,41.11,49.2,52.69,262.01,87.35,268.06,NA,0.07,0.07,NA,NA,284.63,2.43,32.38,450.76,66.15,2.02,83.27,89.25,8.54,NA,96.93,48.44,4.04,9.93,364.35,NA,159.39,58.34,729.02,210.71,4.44,0.35,299.43,94.92,37.04,592.33,7162.37,222.17,40.06,554.96,133.59,0.2,1335.88,324.7,15.89,155.42,NA,NA,300.3,17.42,7162.37,2376.21,122.04,118.16,Inner Mongolia,NA
宁夏回族自治区,2014,13.56,116.43,339.86,1000.45,NA,2.92,14.02,10,NA,NA,13,55,0.15,8.8,17.51,89.54,NA,2.83,7.71,8.3,7.46,3.71,0.66,32.07,NA,NA,NA,NA,NA,65.27,NA,11.66,90.34,16.41,NA,15.8,16.02,5.15,NA,28.33,16.03,1,1.28,77.07,NA,34.6,8.39,157.05,81.39,16.12,NA,73,29.78,18.64,104.07,1118.79,47.64,6.15,122.68,21.87,0.04,250.33,61.68,4.36,105.03,0.01,NA,38.56,NA,1118.79,620.54,22.07,5.43,Ningxia,NA
宁夏回族自治区,2015,59.94,146.23,373.45,1138.49,NA,3.3,14.96,9.01,2.84,NA,149.08,218.91,NA,20.53,48.46,117.13,NA,2.67,8.79,9.69,8.97,10.93,3.12,44.96,NA,NA,NA,NA,NA,74.11,NA,17.25,89.24,14.08,0.22,9.53,20.97,3.66,NA,24.56,14.53,1.25,2.66,90.34,NA,45.49,8.12,166.27,72.25,7.11,NA,97.85,28.22,20.08,145.96,1442.23,51.23,6.61,142.51,19.02,0.03,256.31,67.09,4.86,99.83,NA,0.01,35.73,NA,1442.23,690.54,37.58,13.31,Ningxia,NA
宁夏回族自治区,2016,43.6,164.24,387.66,1254.54,NA,3.59,17.25,8.68,16.16,2.84,163.4,264.48,NA,35.44,24.74,141.1,NA,2.91,8.52,10.02,9.85,7.33,1.36,63.62,NA,NA,NA,NA,0.8,82.03,0.38,18.25,68.14,23.01,0.26,8.01,25.23,8.03,NA,24.47,12.84,1.29,2.68,89.24,NA,36.69,8.68,201.29,63.58,18.16,NA,73.03,33.96,21.98,182.14,1548.42,61.43,7.76,152.57,20.91,0.05,246.55,75.79,4.9,45.28,NA,-0.09,84.04,5.23,1548.42,743.23,33.05,10.49,Ningxia,NA
青海省,2014,107.44,148.01,251.68,1347.43,NA,1.88,12.03,3.75,NA,NA,19,107,NA,72.22,118.86,52.28,NA,4.58,4.57,5.37,6.28,4.52,0.81,13.3,NA,NA,NA,NA,0.05,80.13,NA,10.39,56.55,22.86,NA,15.7,34.16,5.26,NA,19.82,7.66,0.71,1.19,51.62,NA,56.73,21.81,190.04,67.73,12.93,0.04,204.7,56.31,13.03,95.04,1531.61,55.63,3.14,156.31,9.09,NA,199.39,100.57,3.02,77.85,NA,NA,30.93,NA,1531.61,930.19,19.26,23.15,Qinghai,NA
青海省,2015,90.44,189.34,267.13,1515.16,NA,2.26,11.83,4.19,NA,NA,187.61,295,NA,135.95,104.36,61.33,NA,7.55,6.88,5.52,5.7,9.24,0.39,14.34,NA,NA,NA,NA,NA,99.43,NA,11.22,32.22,25.93,0.35,19.1,33.6,4.25,0.01,20.23,6.07,1,1.54,56.55,NA,87.36,16.52,204.41,65.25,6,0.09,205.49,55.47,19.06,128.45,1826.89,59.02,3.53,163.19,9.32,NA,205.81,117.33,2.73,89.61,NA,-0.07,22.95,NA,1826.89,967.9,26.15,21.92,Qinghai,NA
青海省,2016,94.75,196.18,238.51,1524.8,NA,2.52,11.59,5.7,NA,NA,251.68,371.2,NA,87.61,94.79,62.03,NA,5.6,5.17,5.67,6.41,5.64,0.23,22.79,NA,NA,NA,NA,NA,103.06,0.31,10.9,32.98,40.75,0.82,7.35,33.31,2.98,NA,17.07,3.68,0.88,1.35,32.88,NA,73.41,16.89,232.35,69.93,6.92,0.05,178.72,49.58,14.6,119.74,1905.54,70.98,3.26,171.36,8.53,NA,176.48,121.42,2.97,50.3,NA,-0.01,46.82,2.1,1905.54,1080.56,19.92,14.84,Qinghai,NA
山东省,2014,206.3,763.53,5026.83,7177.31,NA,46.65,231.33,264.69,NA,NA,36,162,17.16,50.38,151.14,1061.07,NA,39.61,121.45,122.49,115.18,255.42,55.69,381.95,NA,0.14,0.14,NA,NA,605.67,NA,147.06,445.25,53.45,NA,82.2,127.75,46.25,NA,483.01,273.67,15.47,72.04,543.8,NA,166.67,100.39,772.84,181.15,11.89,15.49,399.14,255.98,94.13,777.92,7955.44,380.57,257.74,1461.05,302.2,2.58,3965.76,725.33,60.56,1135.92,0.12,1.12,596.96,NA,7955.44,2021.16,153.52,119.57,Shandong,NA
山东省,2015,349.22,904.64,5529.33,8250.01,NA,53.31,243.71,358.75,NA,NA,1633.17,1827.85,3.06,185.9,438.7,1326.21,NA,31.38,123.86,133.86,143.12,251.52,54.18,469.42,NA,0.14,0.14,NA,NA,701.43,NA,159.05,322.53,43.39,1.67,64.71,137.26,45.12,NA,498.72,247.76,14.96,73.96,445.35,NA,217.08,110.88,964.42,204.14,48.74,17.59,460.69,276.06,116.88,920.57,10636.36,425.75,259.51,1690.62,296.74,2.26,4203.12,738.11,59.41,1252.4,0.05,4.21,594.98,NA,10636.36,2209.1,336.88,103.81,Shandong,NA
山东省,2016,362.54,992.66,5860.18,8755.21,NA,61,250.83,393.74,NA,NA,2032.45,2314.12,2.85,318.89,332.89,1647.59,NA,33.74,156.12,143.36,143.15,217.3,57.61,663.29,NA,0.14,0.14,NA,NA,790.19,16.15,167,352.4,101.43,2.12,48.2,137.47,60.69,NA,503.24,267.63,13.13,71.66,322.53,NA,239.28,107.39,943.44,248.74,43.17,18.04,372.84,239.05,113.79,1012.46,11577.33,521.52,293.15,1825.99,328.25,2.55,4212.59,783.56,61.26,650.45,0.08,NA,1129.75,43.24,11577.33,2428.58,322.24,95.18,Shandong,NA
山西省,2014,155.72,450.72,1820.64,3085.28,NA,14.22,67.26,40.4,NA,NA,26,105,4.32,18.94,60.15,686.29,NA,19.07,60.94,34.29,47.2,20.3,25.15,34.16,NA,NA,NA,NA,NA,243.94,NA,54.26,385.49,9.3,NA,38.13,63.95,24.27,NA,167.38,46.82,5.44,24.69,388.97,NA,95.26,319.71,327.85,93.38,2.91,2.37,170.35,49.6,13.95,219.05,3691.03,160.8,30.92,507.28,97.56,0.23,1134.34,237.94,22.25,345.82,NA,9.52,238.33,NA,3691.03,1297.33,444.21,58.9,Shanxi,NA
山西省,2015,226.11,533.45,1642.35,3422.97,NA,15.77,56.39,36.02,1.35,NA,271.15,402.92,0.11,126.1,248.99,585.75,NA,20.69,50.08,35.2,36.25,11.43,1.93,53.34,NA,NA,NA,NA,NA,290.71,NA,37.47,276.87,16.61,0.47,37.19,73.08,17.5,NA,143.05,30.1,5.34,27.68,385.49,NA,99.46,222.95,394.46,126.61,5.61,2.68,208.84,54.42,15.31,255.47,4225.7,173.79,29.57,602.85,76.36,0.25,1056.6,245.51,18.44,299.81,NA,0.54,201.14,NA,4225.7,1419.84,386.54,143.18,Shanxi,NA
山西省,2016,232.76,542.28,1557,3428.86,NA,18.56,56.39,34.18,0.56,1.35,428.98,566.7,NA,237.15,138.56,520.33,NA,17.88,48.17,33.31,35.18,11.75,3.92,201.51,NA,NA,NA,NA,NA,300.86,2.83,34.56,281.12,30.24,0.59,23.94,72.64,17.31,NA,116.55,30.05,4.84,26.12,276.87,NA,115.54,91.18,432.02,148.7,7.95,2.54,193.17,60.55,15.91,256.7,4398.43,203.52,31.62,606.97,75.73,0.29,1036.67,266.28,17.42,161.56,NA,0.03,349.45,21.41,4398.43,1620.8,149.46,140.34,Shanxi,NA
陕西省,2014,67.55,541.4,1890.4,3962.5,NA,13.73,86.93,28.07,NA,NA,34,137,NA,74.71,103.91,554.72,NA,17.35,36.21,37.61,46.87,78.72,44.56,126.81,NA,0.04,0.04,NA,NA,313.45,NA,44.86,189.35,21.32,NA,32.23,93.23,77.25,NA,156.53,80.27,3.9,10.95,167.53,NA,112.51,50.94,445.97,227.89,5.32,0.07,371.49,95.12,33.29,330.57,4265.22,161.43,50.07,693.83,146.48,2.11,1335.68,366.32,19.95,399.28,NA,0.83,250.63,NA,4265.22,1891.63,123.42,84.9,Shannxi,NA
陕西省,2015,175.42,631.99,2059.95,4376.06,NA,15.98,77.61,28.34,80.93,NA,468.17,700.01,NA,122.02,156.63,769.63,NA,19.78,50.21,41.59,53.34,71.55,74.4,177.32,NA,0.04,0.04,NA,NA,369.38,NA,57.28,215.43,17.8,0.7,15.97,103.09,105.2,NA,147.42,68.53,3.25,12.77,189.35,NA,150.77,41.54,520.58,249.1,12.86,0.64,350.89,107.3,44.56,406.01,5328.37,187.07,40.86,758.07,133.81,2.5,1290.33,359.36,19.53,398.44,NA,0.45,233.92,NA,5328.37,2100.37,228.68,90.7,Shannxi,NA
陕西省,2016,148.11,655.47,1833.99,4389.37,NA,17.72,85.71,27.69,NA,80.93,979.6,1183.35,0.3,177.15,138.79,629.6,NA,18.88,39.48,42.84,58.85,54.75,95.64,159.14,NA,0.04,0.04,NA,NA,381.66,1.9,62.01,226.83,47.48,1.13,-38.28,125.85,44.06,NA,130.74,50.81,3.66,11.64,215.43,NA,126.8,35.8,543.3,215.98,4.68,0.99,256.15,107.44,49.03,433.15,5749.16,215.79,34.89,777.53,117.98,2.24,1204.39,364.86,18.42,202.92,NA,-6.71,394.13,14.74,5749.16,2119.48,156.66,82.67,Shannxi,NA
上海市,2014,160.57,498.13,4585.55,4923.44,NA,19.05,177.24,34.69,NA,NA,36,126,28.59,8.33,22.02,366.5,NA,15.41,27.96,99.95,408.61,14.48,-1.08,87.72,NA,0.66,0.66,NA,NA,264.75,NA,262.29,152.72,11.45,NA,617.42,86.38,13.09,0.02,942.46,214.33,6.57,194.34,129.43,NA,77.32,16.43,202.34,119.3,15.2,29.29,157.2,468.2,79.1,801.29,5496.31,250.91,266.18,695.63,114.23,NA,4219.05,248.84,70.99,1001.92,NA,NA,969.14,NA,5496.31,624.33,124.6,NA,Shanghai,NA
上海市,2015,798.01,543.16,5519.5,6191.56,NA,21.1,221.27,37.44,NA,NA,649,801,NA,144.74,722.9,661.34,NA,17.55,30.81,123.81,487.61,7.26,NA,163.35,NA,0.66,0.66,NA,NA,303.46,NA,271.85,102.2,4.31,NA,971.23,108.22,14.92,NA,1104.08,270.99,6.73,203.18,152.72,NA,104.35,47.89,267.37,123.39,17.87,33.36,274.73,539.02,86.85,1173.88,7992.37,269.2,253.31,767.32,127.41,NA,4858.16,259.84,103.01,1215.49,NA,47.77,1012.8,NA,7992.37,650.86,324.86,NA,Shanghai,NA
上海市,2016,731.39,988.81,6406.13,6918.94,NA,19.66,239.49,42.97,NA,NA,862.29,1033,NA,391.91,268.05,780.23,NA,18.07,43.66,170.95,593.08,4.62,NA,216.98,NA,0.66,0.66,NA,NA,383.1,0.14,341.71,191.72,44.15,1.03,59.36,113.34,11.99,NA,1336.89,345.83,9.38,186.81,102.2,NA,134.41,52.19,327.41,230.67,20.4,34.86,403.87,558.64,129.25,1588.04,8891.81,337.18,334.25,840.97,128.38,NA,5625.9,302.09,77.7,845.96,NA,NA,1614.48,1.44,8891.81,689.86,377.64,0.01,Shanghai,NA
四川省,2014,135.64,927.01,3061.07,6796.61,0.02,22.46,126.55,61.11,NA,NA,67,200,11.49,43.14,108.34,748.61,NA,39.88,61.5,65.8,97.2,107.95,40.9,236.83,NA,0.15,0.16,NA,0.2,584.1,NA,81.76,534.07,90.27,NA,236.32,135.65,99.14,0,286.06,211.83,14.59,12.67,633.09,NA,168.69,77.44,826.59,307.62,7.33,4.21,543.83,201.5,69.92,528.13,7557.8,319.19,150.53,1056.91,199.52,10.49,2312.46,575.67,31.69,805.24,0.16,NA,306.45,NA,7557.8,3511.79,110.74,29.1,Sichuan,NA
四川省,2015,404.21,1111.75,3355.44,7497.51,0.02,26.63,126.3,64.64,NA,NA,1038.32,1230,NA,196.62,320.12,1001.93,NA,35.95,65.51,73.91,109.14,121.96,44.95,269.63,NA,0.13,0.15,NA,NA,686.42,NA,96.69,462.99,17.51,1.07,217.8,139.41,132.71,0.02,295.31,213.1,11.9,14.36,534.07,NA,169.31,77.87,926.65,288.9,17.4,5.33,601.14,251.52,82.52,514.08,9416,369.74,149.14,1252.33,184.69,9.87,2353.51,622.22,30.03,780.26,0.08,1.62,324.48,NA,9416,3779.6,304.45,28.72,Sichuan,NA
四川省,2016,250.93,1320.17,3388.85,8008.89,0.02,29.82,137.55,65.1,0.03,NA,1423.73,1626.93,0.52,292.64,291.27,1059.62,NA,33.43,69.76,79.79,128.4,118.36,42.37,362.22,NA,0.12,0.13,NA,0.03,772.24,15.91,101.09,408.23,61.47,1.55,123.35,145.2,114.65,NA,299.48,184.14,16.85,11.11,462.99,NA,166.36,67.65,988.71,312.28,21.79,5.49,569.11,263.8,73.41,550.93,10103.56,429.39,143.98,1301.85,207.98,9.7,2329.23,682.78,32.14,436.3,NA,NA,638.3,36.81,10103.56,4040.71,209.9,26.18,Sichuan,NA
天津市,2014,91.4,259.56,2390.35,2884.7,NA,9.91,88.98,25.19,NA,NA,12,52,NA,9,153.91,903.47,NA,5.6,18.21,65.86,71.98,11.51,53.19,355.79,NA,0.2,0.2,NA,NA,161.33,NA,109,138.78,NA,114.61,NA,47.87,195.14,NA,234.91,96.4,1.16,52.12,131.02,NA,57.93,25.24,134.91,15.57,2.93,6.61,94.95,183.1,26.24,823.7,3179.3,139.31,117.04,517.01,236.47,NA,1486.88,158.08,30.94,478.47,0.1,NA,252.92,NA,3179.3,442.83,44.69,2.76,Tianjin,NA
天津市,2015,197.46,314.77,2667.11,3232.35,NA,10.53,96.17,25.07,NA,NA,254.34,318.34,0.17,78.44,209.61,1089.05,NA,7.81,22.4,71.81,81.76,10.41,27.85,449.44,NA,0.2,0.2,NA,NA,195.02,NA,120.82,152.14,6.75,0.3,101.84,51.73,218.87,NA,260,92.59,1.02,51.04,138.78,NA,73.1,21.8,156.08,46.82,3.67,11.48,98.88,204.3,50.38,922.16,3887.48,157.87,139.99,507.44,208.99,NA,1578.07,178.3,34.19,501.41,0.07,0.28,252.04,NA,3887.48,474.99,161.5,2.1,Tianjin,NA
天津市,2016,268.68,377.92,2723.5,3699.43,NA,10.46,98.19,23.47,NA,NA,313.27,663.27,NA,123.64,265.66,1099.28,NA,7.11,31.78,72.18,96.78,8.02,32.75,404.95,NA,0.2,0.2,NA,NA,203.23,0.35,125.17,128.71,18.59,0.67,99.34,57.16,225.83,NA,278.46,171.11,3.66,50.21,152.14,NA,65.63,57.4,161.02,116.23,3.05,11.43,111.52,220.79,40.91,1146.48,4464.54,177.4,120.42,502.49,170.9,NA,1624.22,192.2,35.31,252.34,0.05,4,455.8,28.17,4464.54,536.14,204.54,1.69,Tianjin,NA
西藏自治区,2014,NA,85.98,124.27,1185.51,NA,0.76,5.73,0.16,NA,NA,NA,13,NA,NA,NA,38.41,0.26,2.61,2.54,NA,9.44,0.34,-0.16,16.2,NA,NA,NA,NA,NA,48.86,NA,4.42,130.22,0.87,NA,42.43,34.1,12.82,NA,18.14,NA,1.88,0.32,143.91,NA,29.23,9.47,169.24,70.49,2.62,0.01,173.17,56.73,10.45,67.12,1316.05,69.36,1.06,142.08,3.25,NA,85.86,164.09,1.65,31.98,NA,NA,15.91,NA,1316.05,1034.87,3.76,0.7,Tibet,NA
西藏自治区,2015,51.93,103,137.13,1381.46,NA,0.89,6.7,0.17,NA,NA,5,NA,NA,NA,6.05,45.13,0.38,3.41,2.19,NA,8.48,1.32,0.2,23.67,NA,NA,NA,NA,0.28,62.8,9.84,5.41,166.15,1.4,NA,44.49,34.73,NA,NA,11.5,NA,2.26,0.31,130.22,NA,56.83,15.46,200.27,54.53,2.84,NA,178.61,32.92,12.4,93.34,1604.85,103.23,1.08,167.27,3.47,NA,92,205.92,1.96,41.61,NA,NA,17.34,NA,1604.85,1331.17,6.16,0.96,Tibet,NA
西藏自治区,2016,43.96,208.47,155.99,1587.97,NA,0.99,8.62,0.19,NA,NA,6.98,12.76,NA,38,13.66,56.94,0.28,2.3,3.44,NA,13,1.72,1.34,27.4,NA,NA,NA,NA,0.05,69.97,0.01,4.81,104.86,1.22,0.01,17.74,34.85,11.69,NA,4.64,NA,2.3,0.34,166.15,NA,33.05,12.34,243.28,51.14,7.86,NA,210.47,45.63,6.87,142.07,1755.86,95.65,1.62,169.64,4.89,NA,99.05,228.04,2.71,15.74,NA,11.74,48.77,0.3,1755.86,1369.25,7.87,1.04,Tibet,NA
新疆维吾尔自治区,2014,31.89,300.85,1282.34,3317.79,NA,10.27,51.92,15.83,NA,NA,30,110,3.41,5.25,73.7,394.54,0.16,18.34,24.77,24.57,48.13,46.16,16.15,56.3,NA,NA,NA,NA,0.02,202.32,NA,40.34,155.1,45.82,NA,137.26,74.32,32.97,NA,90.29,37.04,5.6,6.26,66.21,NA,70.86,41.76,477.27,199.31,1.2,0.56,215.53,56.75,28.42,286.76,3544.53,222.28,32.4,567.2,58.65,NA,887.79,324.88,14.38,282.23,0.07,NA,156.39,NA,3544.53,2007.01,205.71,78.17,Xinjiang,NA
新疆维吾尔自治区,2015,144.5,371.9,1330.85,3804.87,NA,11.84,51.76,14.85,NA,NA,480.94,580,NA,31.17,114.97,469.12,0.17,19.75,26.86,26.62,55.55,49.62,20.07,86.11,NA,NA,NA,NA,0.04,244.01,NA,41.64,142.69,35.88,0.58,93.74,78.96,27.2,NA,92.34,41.93,4.98,7.42,155.1,NA,71.51,41.46,605.34,209.19,1.18,NA,270.75,72.11,52.4,323.04,4580.84,251.95,31.6,647.93,63.56,NA,861.73,366.41,13.42,265.12,NA,0.41,140.72,NA,4580.84,2368.71,245.31,66.36,Xinjiang,NA
新疆维吾尔自治区,2016,110.41,504.38,1298.95,4138.25,NA,13.1,51.73,39.5,NA,1.27,549.8,815,0.04,87.1,87.13,429.77,0.16,28.59,24.38,32.11,61.23,53.21,24.61,173.38,NA,NA,NA,NA,NA,256.43,4.65,44.98,139.45,67.97,0.78,33.69,77.61,26.79,NA,96.87,38.2,5.22,9.54,142.69,NA,65.07,46.64,717.02,181.01,21.36,NA,269.16,94.46,43.22,326.57,4947.49,300.88,41.69,664.52,68.34,NA,869.18,388.53,13.21,115.47,NA,NA,260.24,13.97,4947.49,2515.35,93.65,52.63,Xinjiang,NA
云南省,2014,20.32,584.08,1698.06,4437.98,NA,13.39,118.42,23.98,NA,NA,39,193,14.68,NA,249.99,464.83,0.03,11.93,49.57,34.53,48.18,55.35,0.8,76.77,NA,0.01,0.01,NA,1.5,352.41,65.95,43.15,311.69,116.56,NA,67.46,56.21,NA,0,159.63,60.96,9.41,5.88,212.51,NA,108.88,98.65,594.45,164.84,4.73,0.08,640.16,78.92,29.74,182.22,4827.69,219.66,43.86,674.94,103.58,58.08,1233.23,399.48,17.29,396.31,NA,-1.86,186.11,NA,4827.69,2472.62,168.16,17.13,Yunnan,NA
云南省,2015,174.78,648.69,1808.15,4712.83,0.01,15.49,112.1,25.04,NA,NA,828.4,1001.4,5.09,2.51,278.75,597.61,0.08,17.62,53.27,35.9,44.16,67.06,9.61,113.47,NA,NA,0.01,NA,NA,422.66,NA,48.56,208.38,19.26,0.86,87.92,61.66,80.95,NA,147.44,56.16,7.06,8.32,311.69,NA,134.08,79.67,641.52,210.92,2.32,0.04,604.01,110.19,33.59,183.62,5937.36,242.54,56.34,767.46,95.74,58.65,1210.54,388.51,16.04,367.68,NA,0.46,190.25,NA,5937.36,2534.84,244.58,18.23,Yunnan,NA
云南省,2016,182.97,692.38,1812.29,5018.86,NA,17.54,103.65,30.39,NA,NA,1107.79,1435.3,2.44,133.71,204.65,638.77,0.02,14.45,67.14,37.92,52.54,61.28,25.25,149.98,NA,NA,NA,NA,NA,466.98,9.51,46.86,171.34,35.9,1.28,37.76,77.93,25.82,NA,148.76,52.35,7.2,4.88,208.38,NA,150.13,67.5,712.92,242.3,1.26,NA,487.06,87.16,31.55,216.49,6487.42,293.61,42.63,871.14,103.54,55.5,1173.52,476.98,16.56,167.23,NA,-0.86,369.93,32.08,6487.42,2693.09,225.45,17.24,Yunnan,NA
浙江省,2014,334.66,435.54,4122.02,5159.57,0.31,38.46,246.11,121.04,NA,NA,39,165,6.55,95.95,269.97,268.06,NA,14.59,93.64,158.43,217.54,63.24,-56,50.43,NA,NA,0.31,NA,NA,433.8,NA,207.99,740.88,9.66,NA,120.18,115.36,17.76,NA,635.25,267.09,7.93,151.04,811.52,NA,120.65,38.06,524.59,99.82,10.13,19.2,388.33,191.68,103.63,389.01,6458.82,370.69,205.72,1030.99,33.9,0.02,3853.96,527.74,61.77,1086.58,1.17,25.63,743.4,NA,6458.82,994.05,128.33,9.3,Zhejiang,NA
浙江省,2015,805.69,541.7,4809.94,6645.98,NA,42.96,274.92,132.86,NA,NA,1562.01,1758.51,NA,760.18,657.18,641.72,NA,24.67,107.76,179.98,265.74,62.51,61.53,95.52,NA,NA,NA,NA,NA,485.5,NA,250.79,660.52,20.43,1.83,96.86,165.38,9.82,NA,662.21,243.37,9.2,152.22,740.88,NA,167.89,91.66,739.08,140.73,30.51,21.57,553.65,346.8,143.57,541.21,9814.7,423.55,210.16,1264.93,43.47,0.01,4168.22,584.45,70.73,1201.33,0.05,11.78,809.91,NA,9814.7,1088.01,446.68,11.53,Zhejiang,NA
浙江省,2016,500.53,631.19,5301.98,6974.25,NA,46.71,300.65,134.13,NA,NA,1774.51,2213.67,NA,410.64,428.6,761.89,NA,18.71,123.4,184.3,317.1,82.65,-61.95,133.35,NA,NA,NA,NA,NA,542.44,0.82,269.04,644.17,86.81,2.29,76.79,158.72,9.04,NA,704.87,304.79,8.52,154.04,660.52,NA,161.4,45.88,722.41,160.86,10.33,22.8,463.75,191.02,133.51,788.93,10051.32,518.58,234.55,1300.03,49,0.01,4540.08,660.26,67.58,678.78,2.05,1.77,1472.21,34.21,10051.32,1035.91,474.02,11.76,Zhejiang,NA
安徽省,2017,NA,862.53,2812.45,6203.81,NA,20.77,121.21,143.62,NA,NA,NA,NA,NA,NA,NA,841.77,NA,25.69,60.05,59.33,79.41,NA,63.33,271.37,NA,NA,NA,NA,NA,597.74,NA,260.41,NA,74.77,NA,6.5,80.94,55.64,NA,274.73,244.3,5.55,NA,NA,NA,198.64,56.09,681.91,222.52,13.55,NA,230.37,106.11,34.71,1013.8,NA,258.39,120.85,1014.91,152.33,1.03,1970.68,453.28,28.51,NA,NA,NA,803.36,NA,NA,NA,239.05,21.45,Anhui,52.12
北京市,2017,NA,795.38,5430.79,6824.53,NA,33.1,225.41,19.92,NA,NA,NA,NA,NA,NA,NA,754.11,NA,12.04,49.19,273.11,643.2,NA,NA,120.42,NA,NA,NA,NA,NA,427.87,NA,361.76,NA,49.73,NA,111.89,208.96,56.51,NA,1229.8,197.46,9.96,NA,NA,NA,458.44,24.11,518.35,148,12.93,NA,446.48,155.24,53.73,1034.14,NA,467.99,288.99,964.62,65.68,NA,4676.68,493.24,90,NA,NA,NA,1671.9,NA,NA,NA,462.3,1.08,Beijing,2.72
重庆市,2017,NA,702.82,2252.38,4336.28,NA,12.7,83.55,147,NA,NA,NA,NA,NA,NA,NA,776.05,0.13,12.57,44.02,64.9,72.73,NA,NA,332.01,NA,NA,NA,NA,NA,353.79,NA,59.31,NA,52.64,NA,4.1,48.89,44.47,NA,203.34,178.57,4.84,NA,NA,NA,154.95,54.14,347.57,112.78,1.67,NA,287.97,92.25,60.66,815.64,NA,235.91,83.95,626.3,263.08,2.39,1476.33,304.55,31.95,NA,NA,NA,537.05,NA,NA,NA,92.47,14.78,Chongqing,43.41
福建省,2017,NA,394.56,2809.03,4684.15,NA,19.38,112.28,44.41,NA,NA,NA,NA,NA,NA,NA,756.39,NA,25.01,64.07,79.01,150.55,NA,49.12,243.74,NA,NA,NA,NA,NA,420.44,NA,99.44,NA,63.64,NA,74.48,87.34,48.59,0,381.82,167.57,5.14,NA,NA,NA,120.65,48.6,447.7,91.59,13.8,NA,263.68,172.88,67.81,728.08,NA,330.02,274.25,842.21,101.72,6.95,2052.64,380.84,36.18,NA,NA,NA,754.39,NA,NA,NA,249.17,9.89,Fujian,15.96
甘肃省,2017,NA,468.16,815.73,3304.44,NA,11.99,45.59,19.4,NA,NA,NA,NA,NA,NA,NA,268.59,NA,9.49,27.49,21.04,27.33,NA,1.57,72.67,NA,NA,NA,NA,NA,289.24,NA,25.83,NA,35.84,NA,21.72,64.59,35.49,NA,67.24,22.55,2.46,NA,NA,NA,102.2,57.69,520.79,133.84,0.37,NA,285.75,49.09,25.14,166.9,NA,170.38,28.84,567.35,55.26,0.12,547.14,307.23,8.75,NA,NA,NA,270.76,NA,NA,NA,76.11,16.73,Gansu,6.81
广东省,2017,NA,1423.33,11320.35,15037.48,NA,84.35,534.97,111.98,NA,NA,NA,NA,NA,NA,NA,2448.46,0.26,58.51,224.67,299.46,755.91,NA,39.16,554.39,NA,NA,NA,NA,NA,1307.56,NA,823.89,NA,115.25,NA,96.18,285.87,470.94,NA,1767.83,578.75,11.85,NA,NA,NA,433.23,156.54,754.4,762.03,20.65,NA,848.4,402.6,91.73,2180.53,NA,1214.04,839.11,2575.52,285.37,1.38,8871.89,1355.6,142.29,NA,NA,NA,3675.43,NA,NA,NA,873.93,14.18,Guangdong,66.26
广西壮族自治区,2017,NA,678.65,1615.13,4908.55,NA,17.22,68.28,31.11,NA,NA,NA,NA,NA,NA,NA,557.44,0.01,19.5,45.08,32.67,50.19,NA,69.06,161.69,NA,NA,NA,NA,NA,512.31,NA,60.04,NA,68.55,NA,8.49,64.36,49.68,NA,127.75,101.35,8.78,NA,NA,NA,85.11,57.03,646.87,140.38,3.48,NA,244.09,82.82,38.69,529.69,NA,283.17,72.79,920.2,97.14,1.02,1057.69,455.35,19.11,NA,NA,NA,428.99,NA,NA,NA,134.8,16.78,Guangxi,90.43
贵州省,2017,NA,498.74,1613.84,4612.52,NA,11.84,67.26,37.9,NA,NA,NA,NA,NA,NA,NA,434.11,NA,9.02,50,38.61,48.55,NA,25.32,133.71,NA,NA,NA,NA,NA,436.21,NA,87.72,NA,116.16,NA,59.3,64.73,60.02,NA,146.67,89.29,4.4,NA,NA,NA,125.39,46.38,612.05,251.86,0.74,NA,336.91,97.96,30.16,198.82,NA,268.09,108.66,901.96,73.81,12.04,1179.73,464.83,17.31,NA,NA,NA,417.73,NA,NA,NA,91.25,30.77,Guizhou,153.1
海南省,2017,NA,183.08,674.11,1443.97,NA,3.88,29.23,28.2,NA,NA,NA,NA,NA,NA,NA,130.54,0.96,4.18,10.87,19.45,28.95,NA,2.87,36.94,NA,NA,NA,NA,NA,127.37,NA,12.47,NA,30.29,NA,10.27,29.86,8.9,NA,83.48,36.95,5.14,NA,NA,NA,35.72,25.56,198.42,55.36,0.88,NA,136.9,26.2,12.36,119.92,NA,85.72,98.66,220.87,17.56,NA,543.56,122.13,9.13,NA,NA,NA,201.27,NA,NA,NA,53.41,3.41,Hainan,0.95
河北省,2017,NA,976.88,3233.83,6639.18,NA,41.86,129,112.14,NA,NA,NA,NA,NA,NA,NA,1034.48,NA,18.97,148.75,62.21,92.29,NA,28,343.78,NA,NA,NA,NA,NA,605.1,NA,69.08,NA,115.36,NA,60.96,103.19,76.18,NA,351.75,181.08,8.81,NA,NA,NA,353.45,118.39,782.91,175.12,4.09,NA,352.42,114.05,39.2,455.35,NA,367.55,168.7,1276.55,189.16,0.09,2199.35,633.18,43.02,NA,NA,NA,913.73,NA,NA,NA,248.61,44.98,Hebei,58.5
黑龙江省,2017,NA,928.55,1243.31,4641.08,NA,19.4,58.08,75.21,NA,NA,NA,NA,NA,NA,NA,341.41,NA,48.32,45.99,38.27,41.46,NA,28.01,113.78,NA,NA,NA,NA,NA,297.17,NA,46.91,NA,55.18,NA,4.82,53.56,25.52,NA,102.38,58.23,5.34,NA,NA,NA,193.2,47.83,815.16,265.15,2.92,NA,252.56,70.35,18.28,456.7,NA,223.39,63.41,573.11,62.37,1.48,901.91,279.08,11.75,NA,NA,NA,357.74,NA,NA,NA,65.74,53.59,Heilongjiang,20.92
河南省,2017,NA,1160.23,3407.22,8215.52,NA,39.63,131.43,116.22,NA,NA,NA,NA,NA,NA,NA,1077.91,NA,35.19,115.76,65.12,86.31,NA,77.55,240.51,NA,NA,NA,NA,NA,836.66,NA,137.94,NA,99.78,NA,28.52,97.52,110.23,NA,332.02,208.54,5.98,NA,NA,NA,241.65,65.86,916.81,248.12,18.99,NA,296.17,104.08,34.57,1122.67,NA,417.11,192.24,1493.11,250.6,8.12,2329.31,850.29,36.04,NA,NA,NA,888.93,NA,NA,NA,283.27,35.57,Henan,189.15
湖北省,2017,NA,1092.3,3248.32,6801.26,NA,24.5,162.73,67.66,NA,NA,NA,NA,NA,NA,NA,1000.49,NA,34.36,82.16,82.67,121.94,NA,31.6,258.23,NA,NA,NA,NA,NA,614.69,NA,234.27,NA,101.49,NA,23.38,95.26,83.83,NA,349.62,204.87,3.56,NA,NA,NA,139.71,90.68,714.73,249.55,4.26,NA,306.31,174.28,33.71,693.61,NA,397.54,215.8,1101.35,348.3,2.91,2247.82,688.85,33.95,NA,NA,NA,860.67,NA,NA,NA,196.38,14.15,Hubei,106.37
湖南省,2017,NA,1017.9,2757.82,6869.39,NA,22.01,157.3,73.62,NA,NA,NA,NA,NA,NA,NA,998.69,NA,28.96,96.81,58.04,90.21,NA,9.27,388.4,NA,NA,NA,NA,NA,585.98,NA,91.42,NA,127.76,NA,28.76,148.83,195.39,NA,201.94,220.42,12.93,NA,NA,NA,173.28,96.01,782.42,248.97,12.47,NA,332.08,168.29,56.56,716.54,NA,371.77,129.44,1115.33,133.38,8.88,1759.13,747.05,24.56,NA,NA,NA,702.15,NA,NA,NA,175.44,9.59,Hunan,60.96
内蒙古自治区,2017,NA,704.14,1703.21,4529.93,NA,19.11,66.89,81.19,NA,NA,NA,NA,NA,NA,NA,416.3,0.06,19.91,44.39,51.64,56.22,NA,11.12,94.38,NA,NA,NA,NA,NA,323.48,NA,33.67,NA,119.14,NA,38.7,116.79,20.48,NA,128.82,34.88,4.34,NA,NA,NA,143.67,51.98,807.71,164.31,19.43,NA,344.38,94.24,41.84,340.12,NA,250.09,22.42,561.85,131.96,0.11,1286.91,349.1,19.02,NA,NA,NA,513.76,NA,NA,NA,113.98,204.03,Inner Mongolia,88.81
江苏省,2017,NA,1043.4,8171.53,10621.03,NA,52.24,431.82,202.72,NA,NA,NA,NA,NA,NA,NA,1687.21,NA,30.98,136.46,291.19,386.82,NA,NA,465.89,NA,NA,NA,NA,NA,789.52,NA,428.01,NA,157.02,NA,64.31,194.37,171.29,0.09,1145.19,488.2,17.1,NA,NA,NA,292.1,117.18,918.22,351.81,13.59,NA,482.13,347.58,112.56,1500.54,NA,717.07,458.93,1979.57,420.51,NA,6484.33,1022.75,95.9,NA,NA,NA,2864.23,NA,NA,NA,493.05,14,Jiangsu,53
江西省,2017,NA,663.93,2247.06,5111.47,NA,13.93,89.34,55.48,NA,NA,NA,NA,NA,NA,NA,732.05,0,17.11,97.22,40.24,69.64,NA,3.12,261.56,NA,NA,NA,NA,NA,492.59,NA,120.09,NA,57.57,NA,57.87,74.65,71.3,NA,182.23,168.18,5.68,NA,NA,NA,143.4,40.09,607.71,151.04,7.12,NA,228.91,215.8,34.6,516.06,NA,255.74,118.05,940.57,175.98,2.6,1515.01,477.17,21.95,NA,NA,NA,615.72,NA,NA,NA,122.88,59.64,Jiangxi,78.01
吉林省,2017,NA,550.8,1210.91,3725.72,NA,16.09,66.62,31.03,NA,NA,NA,NA,NA,NA,NA,356.88,NA,48.73,33.85,33.33,46.35,NA,18.28,86.88,NA,NA,NA,NA,NA,279.22,NA,46.84,NA,55.36,NA,6.52,70.69,36.19,NA,144.61,70.62,5.06,NA,NA,NA,115.12,67.88,554.77,128.04,6.94,NA,257.33,88.5,31.14,394.45,NA,212.44,31.03,508.09,85.73,0.77,854.03,294.5,13.86,NA,NA,NA,371.4,NA,NA,NA,95.95,8.48,Jilin,19.83
辽宁省,2017,NA,1340.54,2392.77,4879.42,NA,34.31,129.77,139.1,NA,NA,NA,NA,NA,NA,NA,580.35,NA,21.89,106.76,95.22,90.41,NA,5.1,153.51,NA,NA,NA,NA,NA,336.63,NA,57.38,NA,152.18,NA,28.73,86.44,45.13,NA,278.41,105.42,6.14,NA,NA,NA,106.53,45.78,459.23,124.77,2.18,NA,215.16,105.9,31.77,409.64,NA,301.66,65.74,648.06,120.67,1.28,1812.42,386.04,31.44,NA,NA,NA,785.76,NA,NA,NA,149.18,42.28,Liaoning,13.27
宁夏回族自治区,2017,NA,162.32,417.59,1372.78,NA,4.24,17.52,12.34,NA,NA,NA,NA,NA,NA,NA,147.29,NA,3.51,8.63,12.15,15.05,NA,14.31,61.14,NA,NA,NA,NA,NA,97.98,NA,25.55,NA,30.38,NA,3.75,22.82,12.99,NA,26.14,13.5,0.66,NA,NA,NA,57.61,10.66,222.39,60.32,3.48,NA,100.82,45.17,16.62,187,NA,64.59,8.59,170.65,18.56,0.01,270.3,86.15,6.15,NA,NA,NA,125.42,NA,NA,NA,31.66,18.57,Ningxia,10.63
青海省,2017,NA,209.57,246.2,1530.44,NA,2.73,12.19,4.58,NA,NA,NA,NA,NA,NA,NA,62.23,NA,5.41,6.41,6.53,8.96,NA,0.73,25.15,NA,NA,NA,NA,NA,125.21,NA,11.94,NA,42.43,NA,5.38,37.58,5.14,NA,23.25,4.6,0.99,NA,NA,NA,60.93,39.1,233.12,67.32,2.88,NA,95.38,36.35,17.7,137,NA,90.04,4.6,187.51,9.23,NA,183.96,123.85,3.57,NA,NA,NA,89.36,NA,NA,NA,15.58,18.57,Qinghai,5.03
山东省,2017,NA,1131.96,6098.63,9258.4,NA,69.37,261.82,398.18,NA,NA,NA,NA,NA,NA,NA,1679.23,0.03,27.77,180.23,157.81,186.73,NA,30.66,755.61,NA,NA,NA,NA,NA,829.27,NA,195.77,NA,152.72,NA,32.52,141.9,82.06,NA,620.3,312.52,15.99,NA,NA,NA,236.84,144.63,953.59,309.89,22.75,NA,367.31,198.65,83.96,1075.92,NA,566.05,367.18,1890,320.28,1.96,4419.4,857.51,74.78,NA,NA,NA,1705.96,NA,NA,NA,310.39,99.56,Shandong,163.24
上海市,2017,NA,1061.03,6642.26,7547.62,NA,27.46,271.56,47.58,NA,NA,NA,NA,NA,NA,NA,776.75,NA,18.15,61.51,203.69,692.46,NA,NA,234.21,NA,NA,NA,NA,NA,412.18,NA,389.9,NA,69.15,NA,56.02,191.32,35.93,NA,1402.3,271.55,9.75,NA,NA,NA,224.66,81.99,456.53,286.01,26.37,NA,428.84,566.79,141.27,1531.42,NA,356.12,387.73,874.1,100.81,NA,5865.51,320.7,94.9,NA,NA,NA,2460.39,NA,NA,NA,344.29,0.01,Shanghai,5.89
陕西省,2017,NA,718.22,2006.69,4833.19,NA,19.01,100.36,36.71,NA,NA,NA,NA,NA,NA,NA,521.11,NA,18.3,41.6,44.72,79.05,NA,32.57,136.18,NA,NA,NA,NA,NA,418.27,NA,79.34,NA,72.4,NA,14.63,121.95,48,NA,176.54,72.56,4.45,NA,NA,NA,162.52,53.15,545.4,199.36,17.67,NA,304.03,93.46,42.78,477.73,NA,241.82,44.82,828.25,103.17,1.24,1485.58,417.34,23.91,NA,NA,NA,690.85,NA,NA,NA,159.59,144.66,Shannxi,51.15
山西省,2017,NA,646.63,1867,3756.42,NA,20.84,69.76,35.59,NA,NA,NA,NA,NA,NA,NA,469.57,NA,16.83,43.28,34.39,47.9,NA,3.63,176.6,NA,NA,NA,NA,NA,321.34,NA,50.25,NA,42.41,NA,38.18,71.92,51.28,NA,174.42,38.68,3.67,NA,NA,NA,128.87,119.96,477.91,138.19,7.19,NA,164.79,73.01,19.52,281.91,NA,216,43.63,620.67,78.92,0.26,1397.43,314.07,24.07,NA,NA,NA,623.11,NA,NA,NA,115.86,272.69,Shanxi,12.08
四川省,2017,NA,1501.35,3577.99,8694.76,NA,32.88,150.59,72.05,NA,NA,NA,NA,NA,NA,NA,1147.66,0.02,32.41,78.41,88.66,152.74,NA,38.85,422.45,NA,NA,NA,NA,NA,831.46,NA,106.57,NA,96.89,NA,38.2,142.46,173.89,NA,359.38,209.95,11.43,NA,NA,NA,197.75,80.35,1023.13,325.16,14.13,NA,526.68,300.43,81.21,724.79,NA,471.42,172.19,1389.2,211.32,7.9,2430.32,793.3,38.25,NA,NA,NA,1010.19,NA,NA,NA,222.75,30.41,Sichuan,105.12
天津市,2017,NA,459.58,2310.36,3282.54,NA,11.15,97.26,18.59,NA,NA,NA,NA,NA,NA,NA,698.4,NA,5.82,35.78,76.45,116.51,NA,7.64,82.05,NA,NA,NA,NA,NA,182.1,NA,115.99,NA,30.02,NA,53.2,57.94,98.14,NA,310.14,151,3.59,NA,NA,NA,110.22,21.92,158.36,64.08,5.52,NA,87.69,123.5,53.44,882.35,NA,207.42,126.6,434.59,181.02,NA,1611.96,209.02,36.34,NA,NA,NA,654.54,NA,NA,NA,293.77,2.56,Tianjin,10.82
西藏自治区,2017,NA,155.86,185.83,1681.94,NA,1.17,11.02,0.21,NA,NA,NA,NA,NA,NA,NA,63.13,0.22,2.38,4.37,NA,18.62,NA,-0.28,20.16,NA,NA,NA,NA,NA,93.8,NA,8.49,NA,1.37,NA,15.47,44.93,16.46,NA,4.74,NA,1.94,NA,NA,NA,46.64,8.36,238.09,38.38,15.51,NA,200.34,62.07,8.56,165.99,NA,102.71,1.41,227.2,6.83,NA,122.7,243.55,3.57,NA,NA,NA,78.94,NA,NA,NA,15.59,1.93,Tibet,1.09
新疆维吾尔自治区,2017,NA,526,1466.52,4637.24,NA,14.79,59.88,43.39,NA,NA,NA,NA,NA,NA,NA,522.14,0.38,10.48,35.85,37.12,64.78,NA,18.46,232.69,NA,NA,NA,NA,NA,266.71,NA,42.81,NA,85.09,NA,65.94,80.4,37.06,NA,114.27,33.89,6.38,NA,NA,NA,54.66,49.59,612.49,234.48,4.43,NA,261.9,236.52,36.32,329.3,NA,576.39,33.26,722.59,74.76,NA,944.38,433.47,16.51,NA,NA,NA,409.15,NA,NA,NA,123.32,69.06,Xinjiang,48.28
云南省,2017,NA,750.33,1886.17,5712.97,NA,20.07,112.32,37.11,NA,NA,NA,NA,NA,NA,NA,652.32,0,15.02,58.79,41.96,69.15,NA,1.98,231.19,NA,NA,NA,NA,NA,546.99,NA,53.42,NA,81.1,NA,36.18,71.3,56.82,NA,161.19,63.36,5.99,NA,NA,NA,179.48,60.3,674.82,213.62,4.38,NA,511.24,62.47,28.69,464.75,NA,343.26,50.53,998.33,100.71,53.16,1233.85,609.83,19.55,NA,NA,NA,527.91,NA,NA,NA,202.84,24.56,Yunnan,52.99
浙江省,2017,NA,801.78,5804.38,7530.32,NA,51.59,329.09,116.29,NA,NA,NA,NA,NA,NA,NA,863.64,NA,16.77,123.66,195.35,395.24,NA,-43.96,211.04,NA,NA,NA,NA,NA,584.17,NA,303.5,NA,143.7,NA,44.24,159.66,36.35,NA,822.19,381.59,8.15,NA,NA,NA,190.15,67.95,696.69,169.78,10.47,NA,320.53,193.54,140.38,910.17,NA,548.44,288.9,1430.15,68.99,0.02,4940.74,765.03,81.57,NA,NA,NA,2201.37,NA,NA,NA,467.56,12.58,Zhejiang,64.97
